bloco_MB,teste,alloc_ms,write_ms,read_ms,free_ms
100,1,16.9942,30.1145,161.0662,5.4789
100,2,15.2397,37.7806,136.3448,6.8859
100,3,17.3008,27.8043,125.5744,5.0686
100,4,13.9465,28.0872,126.0403,5.0586
100,5,14.3608,28.4804,127.5914,5.2821
100,6,16.1865,35.8798,132.1033,5.3875
100,7,16.7541,34.3958,130.9645,5.3368
100,8,17.0764,31.6787,134.18,5.8292
100,9,14.5444,29.232,145.3889,5.2595
100,10,15.4952,40.5357,138.5249,5.2064
100,11,15.3956,29.6562,124.7262,5.0111
100,12,15.3829,31.3342,125.05,5.0884
100,13,16.2249,30.3495,125.3942,6.9369
100,14,20.8535,29.2016,125.1365,5.002
100,15,13.9258,28.224,124.7659,5.0183
100,16,14.0814,31.4751,126.1655,5.0238
100,17,15.1892,29.984,125.014,5.0137
100,18,15.8375,30.0758,124.8142,5.1223
100,19,16.45,30.382,126.188,5.0802
100,20,13.9178,32.5642,129.1038,5.0256
100,21,13.9701,28.3414,124.9479,4.9988
100,22,14.8338,28.9401,125.3875,5.0718
100,23,15.3608,29.8159,125.0629,5.0321
100,24,16.198,30.7726,126.0475,5.0128
100,25,16.2918,30.5679,125.7857,5.2491
100,26,13.9884,28.4525,126.0877,5.1545
100,27,14.1668,28.7086,129.616,6.0032
100,28,16.5823,31.789,130.6032,5.8134
100,29,16.3194,34.3027,142.6563,5.8755
100,30,17.1977,32.483,130.3691,6.8712
100,31,20.2617,28.1237,126.6133,5.0545
100,32,14.1862,28.5648,125.1686,5.0281
100,33,14.4568,29.5947,125.5828,5.0078
100,34,15.7698,29.6928,124.9419,5.0258
100,35,16.4934,30.8014,121.9094,4.8895
100,36,16.5018,30.2103,123.3663,4.8557
100,37,13.6376,28.799,121.8931,4.8861
100,38,13.8866,28.861,122.6375,6.3735
100,39,15.8046,28.7455,124.9516,4.9512
100,40,15.3663,30.3477,122.1273,4.8884
100,41,15.9079,30.5202,122.498,4.9315
100,42,16.1812,31.4285,124.5583,4.9593
100,43,13.8533,29.0818,125.1291,5.0041
100,44,14.1871,28.323,125.144,4.9834
100,45,15.25,29.1285,124.6835,4.9825
100,46,15.5721,29.9035,124.6919,5.0108
100,47,16.1784,30.7675,125.8805,4.9933
100,48,16.6394,30.5568,125.176,4.9915
100,49,13.8684,28.1822,124.9659,5.0005
100,50,14.1652,28.353,127.0183,5.0173
100,51,15.209,29.2301,124.6156,4.9707
100,52,15.5938,30.6508,124.6495,5.0925
100,53,16.2312,30.7231,125.1163,5.0097
100,54,18.7866,35.7577,124.6553,5.0323
100,55,13.9735,29.168,125.1219,5.07
100,56,14.2917,28.729,124.5238,5.0151
100,57,15.9232,30.2667,125.0269,5.1203
100,58,15.9789,30.3684,124.6309,4.973
100,59,16.3102,30.7438,124.9213,5.2047
100,60,13.8832,28.537,126.4697,5.0283
100,61,14.1473,28.2512,125.9543,5.1074
100,62,15.2976,31.222,124.5606,4.9815
100,63,15.4561,30.2653,149.4596,5.8718
100,64,16.7314,31.4618,140.5704,5.2157
100,65,17.2279,41.6486,125.7559,4.9739
100,66,13.9602,30.2952,137.5524,5.5503
100,67,15.4237,30.667,129.4675,5.2567
100,68,15.209,30.1215,138.7822,5.3278
100,69,17.2218,31.7138,126.9074,5.1589
100,70,16.5727,30.9264,126.8386,5.0236
100,71,14.0901,29.312,126.8103,4.9113
100,72,13.9853,28.8823,122.1782,4.9847
100,73,14.8945,32.5347,123.1494,5.095
100,74,15.5989,30.0948,124.2278,5.161
100,75,16.3909,30.9538,122.834,5.051
100,76,16.1796,30.2783,122.783,5.0168
100,77,13.941,27.8711,121.8054,4.8966
100,78,14.3872,28.8233,122.4735,4.9109
100,79,14.927,28.885,122.181,4.8947
100,80,15.3176,29.6706,122.3555,4.9593
100,81,15.9078,30.4258,123.8696,4.9918
100,82,16.2062,31.0089,125.2042,4.9652
100,83,13.9622,28.126,124.6079,4.9782
100,84,14.112,28.4989,127.376,5.0367
100,85,15.2716,29.5621,124.7541,4.9826
100,86,15.7595,30.1988,125.1514,5.0672
100,87,16.2137,30.8992,124.7368,4.9713
100,88,20.6881,34.8044,124.6134,5.0049
100,89,14.0805,28.307,125.0553,5.041
100,90,14.3608,28.5956,124.736,5.1103
100,91,15.4782,30.0177,125.1865,5.0631
100,92,16.1942,31.1614,125.255,4.9806
100,93,16.3293,31.004,125.2325,4.9869
100,94,13.8339,28.32,125.3046,5.0106
100,95,14.2295,28.4372,124.9746,4.9961
100,96,15.1336,29.0695,126.5287,5.5604
100,97,16.4312,29.7381,125.6886,5.0969
100,98,16.3449,30.9584,124.925,5.0067
100,99,16.4969,30.9333,125.7761,5.0085
100,100,14.0544,28.1902,126.6412,5.0052
200,1,30.5177,58.6552,245.573,8.574
200,2,33.3634,62.6169,250.7231,8.6391
200,3,28.6767,58.1273,250.1956,8.6901
200,4,32.2516,63.1082,249.6314,8.5564
200,5,33.485,61.2207,251.2291,8.5227
200,6,28.468,57.3505,250.2094,8.5965
200,7,32.2751,59.8857,249.8714,8.5636
200,8,33.4062,61.0679,250.8843,8.4451
200,9,28.6191,57.2835,251.2622,8.7928
200,10,32.7761,60.1886,248.2539,8.4953
200,11,33.7587,61.1565,250.5568,8.5684
200,12,28.4826,57.4397,249.5797,8.5073
200,13,32.1392,61.4186,249.9192,8.557
200,14,33.3483,60.9866,251.0532,8.5832
200,15,28.4747,57.0487,251.6709,8.5012
200,16,32.3251,60.0937,250.3537,8.5097
200,17,33.5045,64.4065,249.8399,8.5707
200,18,30.2271,59.3561,249.5372,8.6345
200,19,33.2351,60.9732,250.2874,10.1808
200,20,34.9163,55.9394,249.7002,8.8309
200,21,31.0396,59.54,252.3365,8.3273
200,22,32.7528,61.0372,246.264,8.2333
200,23,28.1379,57.1206,243.6094,8.2987
200,24,31.9806,62.3012,244.1793,8.3022
200,25,33.0376,61.0043,246.2617,8.252
200,26,28.1099,56.7812,244.1245,8.5237
200,27,31.8595,60.26,249.358,8.5262
200,28,33.0246,61.0992,245.302,8.5158
200,29,28.3345,56.7149,244.1461,8.3126
200,30,31.7761,59.6652,244.2929,8.4516
200,31,32.9296,60.8153,244.8097,8.3344
200,32,28.0769,58.0396,244.1426,8.3591
200,33,31.7272,61.5074,247.7116,8.2902
200,34,33.2158,60.3291,245.075,8.2598
200,35,28.0251,56.7254,246.2491,8.5663
200,36,31.551,60.4748,259.2658,8.6158
200,37,33.4996,61.1844,250.1407,8.449
200,38,28.5312,57.4685,250.9506,8.4855
200,39,34.9124,59.9377,246.0881,8.2858
200,40,34.6575,61.2848,251.5504,8.6122
200,41,28.6096,58.2279,250.3863,8.5329
200,42,32.1022,60.606,249.9747,8.4786
200,43,33.6683,64.4667,246.6929,8.5344
200,44,28.272,56.6345,246.3319,8.5046
200,45,32.2125,60.319,243.4509,8.4762
200,46,33.1896,68.6448,244.5706,8.2863
200,47,29.7824,58.9656,251.1045,8.3334
200,48,32.7972,67.5094,252.1671,8.5128
200,49,37.2969,58.0226,250.1593,8.613
200,50,30.428,59.7021,251.8678,8.4959
200,51,33.2225,61.5576,244.7716,10.5422
200,52,27.9108,54.9989,244.4651,8.3045
200,53,30.0641,58.5786,248.2398,8.6909
200,54,33.0033,63.0445,250.1432,8.4225
200,55,28.1506,57.4304,250.4179,8.5172
200,56,32.2887,60.3917,251.4909,8.521
200,57,33.4576,61.8707,251.1582,8.517
200,58,29.7656,57.3079,249.8918,8.6927
200,59,32.8689,60.0854,249.3838,8.625
200,60,33.4288,60.7838,275.5974,9.1117
200,61,31.3311,59.8665,258.6028,9.116
200,62,38.4902,72.6629,293.5262,11.2516
200,63,35.944,69.689,258.8329,8.4275
200,64,30.3419,62.576,246.6322,8.7787
200,65,33.028,60.1814,243.7001,8.3219
200,66,37.2589,55.6107,244.3887,8.3229
200,67,29.9347,59.1695,245.5464,8.3997
200,68,32.9638,61.5926,244.3238,8.9576
200,69,28.8582,58.1042,250.5715,8.6108
200,70,32.4383,60.778,249.7193,8.5012
200,71,33.6646,62.3669,250.8218,8.5336
200,72,28.6875,57.4601,249.9312,8.644
200,73,32.2609,60.3216,251.6537,8.634
200,74,33.6037,61.081,251.0958,8.4637
200,75,28.8111,59.8233,250.0166,8.5386
200,76,33.2236,60.3034,249.6284,8.5895
200,77,33.5168,61.1894,250.5378,8.6619
200,78,28.6704,57.6997,249.436,8.5734
200,79,32.9027,64.4667,249.7217,8.4893
200,80,33.7645,61.765,250.5127,8.5469
200,81,28.6875,57.7624,247.7779,8.4795
200,82,31.9664,60.5645,245.1334,8.2995
200,83,32.9649,60.4265,245.5485,8.2976
200,84,28.0462,56.5578,245.9474,8.6025
200,85,35.03,60.3066,247.1103,8.2848
200,86,33.2946,60.5814,245.1298,8.3002
200,87,28.4707,57.4403,246.5955,8.6157
200,88,31.7711,60.1265,245.7187,8.4427
200,89,32.889,68.9768,249.92,8.5723
200,90,30.3378,60.5935,252.0683,8.5695
200,91,33.1507,61.8056,468.3397,18.9057
200,92,48.908,102.0913,376.1103,17.6863
200,93,55.9211,114.1294,366.8961,19.3179
200,94,49.5082,107.3611,428.0042,18.6787
200,95,64.9734,113.9721,372.8613,21.1035
200,96,52.6634,110.9399,393.9369,11.9266
200,97,43.5824,93.5245,342.7615,11.6134
200,98,44.5192,88.2683,278.3262,9.7635
200,99,44.7175,63.4466,271.2378,9.5447
200,100,33.4554,62.1058,257.8874,8.7134
300,1,66.7673,95.1894,416.5787,13.3725
300,2,56.3182,111.8637,415.3331,13.7354
300,3,52.3946,97.1374,429.6562,12.8823
300,4,56.678,97.6243,401.3625,12.8998
300,5,49.5584,102.6183,398.8362,13.5498
300,6,56.393,103.131,386.1275,12.9827
300,7,49.1515,89.3807,375.4342,12.0023
300,8,49.9213,93.7377,371.159,11.7791
300,9,44.9405,87.8085,371.1284,11.6692
300,10,50.4075,96.3746,371.7471,12.5674
300,11,50.225,94.2552,382.4162,12.8168
300,12,56.8738,85.8747,378.4009,12.1549
300,13,50.9871,93.283,383.7879,14.0547
300,14,42.3695,84.8666,374.7787,12.1034
300,15,51.4686,92.3004,376.2593,12.0628
300,16,47.1011,89.2558,381.1399,14.6946
300,17,52.6573,99.2687,378.2097,11.9169
300,18,46.3116,89.8089,375.7115,11.9648
300,19,49.7525,93.2687,375.5523,11.9004
300,20,45.5761,90.1976,374.4403,11.9532
300,21,53.7715,96.1112,376.9033,11.998
300,22,47.2313,88.9083,367.4383,11.6553
300,23,49.2716,91.8274,373.3579,11.9807
300,24,45.4258,88.4845,377.0002,12.0133
300,25,50.4534,92.3639,382.3074,12.457
300,26,46.3229,89.5892,374.7894,12.1127
300,27,49.8228,93.702,375.584,11.9416
300,28,45.4643,89.1815,380.1501,12.4882
300,29,51.4751,92.0918,374.398,11.9899
300,30,49.7572,91.8975,376.7662,12.2825
300,31,52.9594,84.2488,375.4896,12.0112
300,32,50.1956,91.5791,377.5975,11.7957
300,33,44.7739,88.246,365.6677,11.8765
300,34,51.0758,92.253,375.0153,11.8829
300,35,46.8127,88.375,374.0836,11.9521
300,36,51.0179,91.6714,376.8432,11.8814
300,37,45.3552,89.671,373.7497,11.9278
300,38,49.6046,93.2759,374.8952,11.9317
300,39,45.2262,89.1368,372.3103,11.977
300,40,51.1004,92.8743,377.6052,11.9756
300,41,45.5479,89.564,385.9183,11.9613
300,42,59.7495,101.7201,417.175,12.8919
300,43,52.7856,109.2028,399.3235,12.1771
300,44,53.7209,103.0471,405.2675,12.0107
300,45,50.5683,97.3303,396.6846,15.5226
300,46,44.1505,97.563,386.4871,12.043
300,47,49.5495,128.0856,415.0077,12.0415
300,48,45.1862,90.3665,374.5549,12.213
300,49,51.4721,93.425,366.7149,11.7733
300,50,44.6733,89.928,375.9557,11.967
300,51,49.9034,91.7877,378.083,12.0574
300,52,45.512,94.8007,374.1424,11.7007
300,53,49.7371,92.0526,367.0565,11.6682
300,54,44.4604,88.9767,374.96,12.0344
300,55,49.8517,94.261,375.8441,12.0593
300,56,45.6253,88.5038,374.6953,11.7798
300,57,49.0835,91.1194,368.0024,11.7834
300,58,44.363,88.7679,366.5152,11.8311
300,59,52.1941,91.3527,368.8626,11.7977
300,60,44.6247,88.5551,366.184,11.9182
300,61,49.1212,93.4934,365.5832,11.8281
300,62,49.2997,92.5145,368.505,12.3366
300,63,49.6882,93.4553,397.5032,12.0573
300,64,50.1879,92.8419,371.2716,12.0984
300,65,53.7463,84.5378,376.5836,12.4486
300,66,51.3358,92.2305,378.4334,12.3454
300,67,48.8609,90.124,375.5673,12.0797
300,68,50.9603,94.5974,377.4391,12.0696
300,69,46.4868,90.5319,374.9119,13.8459
300,70,49.0047,93.3821,368.977,11.6371
300,71,45.2762,89.3868,375.2019,11.9739
300,72,50.3534,91.9032,376.8669,11.9034
300,73,45.2442,88.8276,375.2664,12.0734
300,74,49.5512,92.0905,376.852,11.9575
300,75,45.3738,88.4281,376.7052,12.0675
300,76,49.8878,92.6787,367.7817,11.8005
300,77,44.463,88.9915,393.1499,12.0967
300,78,49.8829,91.7849,375.7839,11.9433
300,79,45.643,89.821,375.5101,12.0867
300,80,49.9565,91.9196,375.4113,12.0766
300,81,45.6585,88.575,375.5882,12.0792
300,82,50.0073,94.1925,376.0524,12.0717
300,83,49.9214,92.5983,375.6529,11.9726
300,84,50.1757,93.2858,370.2543,12.0572
300,85,50.4919,92.073,375.8801,12.0833
300,86,52.6138,83.4702,375.029,12.261
300,87,50.4188,91.7438,377.1404,12.0742
300,88,46.2975,89.266,374.0633,12.1017
300,89,50.1228,93.2742,375.2703,11.8907
300,90,45.4091,90.4052,373.9982,12.2967
300,91,50.5442,93.5502,374.8505,11.912
300,92,45.2941,90.5405,374.2292,12.0341
300,93,49.9361,92.7612,378.9983,12.3114
300,94,50.2022,93.5972,380.0379,12.2243
300,95,49.6581,93.2291,375.9809,11.9434
300,96,45.6979,89.1791,374.6743,11.973
300,97,49.7376,91.7309,375.4131,12.0553
300,98,45.2934,88.3637,375.4579,11.9831
300,99,49.5627,91.3886,376.7637,12.1559
300,100,45.2475,89.1513,374.8422,12.0329
400,1,62.7783,113.1838,505.4516,16.8033
400,2,69.8244,124.7038,501.3285,17.4898
400,3,66.0112,128.9228,571.3143,15.3079
400,4,66.5594,116.8922,515.3341,17.0453
400,5,76.492,125.4912,547.3604,16.2008
400,6,70.8153,129.4007,516.1921,15.5043
400,7,70.9476,121.6985,516.0843,15.818
400,8,66.3457,123.2811,507.8223,15.5732
400,9,67.2033,125.6221,554.4374,16.2415
400,10,68.5957,127.8707,490.3982,15.7365
400,11,65.2312,114.4712,488.1689,19.5127
400,12,58.3825,113.0282,502.0048,15.6056
400,13,67.0798,124.33,501.5522,15.5394
400,14,65.5783,116.7213,500.6524,16.1119
400,15,66.3216,114.9131,500.3808,15.437
400,16,66.6748,123.0214,501.3313,15.466
400,17,65.4127,115.5852,501.489,15.4266
400,18,65.2081,115.3389,500.6641,15.6025
400,19,66.8965,129.073,503.214,15.5791
400,20,66.6078,123.2963,500.782,15.4205
400,21,64.9008,114.5967,500.448,19.1468
400,22,58.2598,114.0256,499.2307,15.5742
400,23,66.7178,123.1504,500.3052,15.4854
400,24,66.2717,114.9448,501.1192,15.5672
400,25,65.2456,116.2601,499.458,15.9233
400,26,67.791,124.5437,490.9784,15.1794
400,27,64.5753,113.4816,492.5067,15.4125
400,28,65.1649,113.9492,499.7066,15.4198
400,29,66.7013,125.0352,499.4807,15.5058
400,30,67.0076,122.8752,500.1465,15.4077
400,31,65.1844,114.2807,499.391,15.458
400,32,69.5222,113.1871,500.8689,15.4432
400,33,67.226,124.0069,501.1063,15.5204
400,34,65.0922,114.3815,500.2669,15.4593
400,35,65.2152,114.6099,499.387,15.5183
400,36,66.697,124.4595,499.9689,15.4327
400,37,66.3463,115.1021,500.5004,15.4283
400,38,64.9429,114.255,498.6159,15.4414
400,39,66.6435,123.5648,499.2655,15.4211
400,40,66.7924,124.378,510.7235,15.5091
400,41,65.275,114.1759,517.1868,18.4063
400,42,55.6394,115.5354,500.6929,15.9989
400,43,66.7281,123.8177,501.3819,15.4222
400,44,66.3098,114.3377,499.688,15.5305
400,45,65.2016,114.8246,499.5303,15.4904
400,46,66.793,123.4445,499.7191,15.4336
400,47,64.8788,116.2228,497.1133,15.2583
400,48,65.5042,115.0402,488.2179,15.2082
400,49,65.6077,123.282,497.4534,15.5743
400,50,67.3712,124.9902,501.7641,16.757
400,51,65.5382,116.5141,499.2216,15.8004
400,52,73.2493,113.6468,500.2415,15.5178
400,53,66.8501,123.8478,500.6991,15.8294
400,54,65.6244,114.1695,500.1074,15.4457
400,55,64.941,115.6714,498.5048,15.4828
400,56,66.516,123.3067,500.5624,15.4827
400,57,64.9588,115.7769,500.6919,15.4534
400,58,64.8532,114.8182,498.8307,15.6038
400,59,68.0558,125.7502,499.8675,15.5276
400,60,66.3764,123.8717,501.3851,15.439
400,61,64.8864,114.8061,499.5383,15.5498
400,62,73.246,115.2543,499.6636,15.8919
400,63,66.7616,123.1946,500.42,15.5127
400,64,65.0261,115.8743,501.1927,15.5217
400,65,65.2097,114.2704,499.451,15.5324
400,66,68.8143,125.7186,505.3686,15.1834
400,67,64.1434,114.3941,489.007,15.2429
400,68,64.0006,114.6247,532.1442,16.1823
400,69,67.645,126.3579,520.808,17.2797
400,70,69.4229,124.9661,531.3689,15.1945
400,71,64.3166,115.7746,501.0431,15.5185
400,72,66.3425,117.7923,506.1291,15.4892
400,73,68.2592,124.8093,503.4861,15.3536
400,74,64.1084,116.1489,509.2686,16.6955
400,75,75.8266,117.4263,521.4352,23.1345
400,76,80.782,171.4328,619.4847,19.5758
400,77,93.0645,175.851,608.5081,19.693
400,78,71.2178,128.9281,499.0951,15.394
400,79,64.1632,114.1191,501.1554,15.4279
400,80,64.9331,114.8906,502.6785,15.7738
400,81,67.9857,124.0735,503.2703,15.4287
400,82,65.2386,115.6215,500.4979,15.5141
400,83,65.1623,117.2474,501.5921,15.4533
400,84,66.9718,127.2692,499.1719,15.7844
400,85,68.0585,123.5942,507.5154,15.5598
400,86,68.2797,114.5885,500.4725,15.506
400,87,71.0929,112.9411,504.2601,15.4679
400,88,66.1364,124.8898,503.6228,15.4349
400,89,65.1369,115.3774,500.311,15.2243
400,90,63.9646,113.7814,488.2895,15.1378
400,91,65.6815,122.8465,492.4945,15.5078
400,92,65.8176,115.4339,488.2951,15.1999
400,93,64.0531,113.9396,489.0053,15.174
400,94,65.7426,123.8203,490.0886,15.1766
400,95,64.0116,112.6259,488.3778,15.1005
400,96,63.907,114.9833,486.9629,15.1682
400,97,65.7789,125.0389,491.1817,15.22
400,98,65.0651,122.6378,488.3128,15.0871
400,99,63.8512,113.987,486.9965,15.2852
400,100,73.397,115.1415,488.785,15.2469
500,1,84.1012,149.0987,624.9624,19.0196
500,2,83.8829,156.5803,628.6365,18.9916
500,3,83.3839,144.3038,733.1276,24.2365
500,4,90.4178,153.0609,734.6922,24.0098
500,5,93.8897,173.945,656.0217,19.1658
500,6,82.7979,143.0366,628.0154,18.9324
500,7,82.7866,143.5847,626.0568,18.9546
500,8,82.8015,141.852,622.2215,19.0093
500,9,81.5781,142.2026,613.8372,18.7531
500,10,86.9927,141.9252,619.4935,18.9182
500,11,84.6521,156.0918,626.7681,19.026
500,12,83.2426,157.314,626.4506,19.0077
500,13,82.8781,143.0802,628.5775,18.9094
500,14,82.8536,143.7514,626.429,18.9256
500,15,83.5877,142.7375,625.9479,18.983
500,16,83.5277,146.8524,625.7503,18.861
500,17,82.8992,142.2073,624.0667,19.254
500,18,84.164,154.1111,625.8083,18.9316
500,19,84.0825,158.2303,624.5015,18.9468
500,20,83.3073,156.2732,628.1471,18.9327
500,21,83.5534,142.7612,625.2605,19.1305
500,22,83.3141,141.9858,624.865,19.5428
500,23,83.1284,144.7234,625.3552,18.9979
500,24,82.8317,141.8635,624.1767,18.9061
500,25,87.6789,141.9584,626.4051,19.9089
500,26,83.1427,159.9404,609.1452,19.2541
500,27,82.2794,154.1575,613.7729,19.3527
500,28,83.0829,142.9008,618.6077,18.892
500,29,82.5181,142.1758,625.2228,19.0181
500,30,84.4233,143.0626,624.8559,18.7727
500,31,82.5429,143.4298,628.7553,19.7099
500,32,84.2044,141.8572,613.7401,18.8865
500,33,81.9753,156.3714,626.3186,19.1141
500,34,83.6693,156.4683,626.9257,20.0219
500,35,84.0597,144.1409,626.2526,18.8855
500,36,83.2597,144.0791,626.1907,18.9382
500,37,86.3894,142.1888,628.455,20.198
500,38,83.163,147.2526,693.3922,19.929
500,39,97.6091,160.1275,672.0993,21.3596
500,40,103.3644,156.9143,628.0565,19.4492
500,41,83.1859,143.5481,628.1331,18.9146
500,42,83.3994,155.6157,617.6372,19.5364
500,43,84.0268,154.8862,617.605,18.9662
500,44,83.7095,150.0944,627.2441,18.9959
500,45,83.3868,141.7425,625.2124,18.8828
500,46,86.6532,144.2467,625.2026,19.0424
500,47,83.267,142.0646,624.9343,18.8593
500,48,84.6147,142.1666,669.0468,22.7275
500,49,82.4992,145.5667,643.9848,18.9265
500,50,83.6958,160.7424,629.6002,19.0531
500,51,83.2184,157.9323,630.3588,18.9565
500,52,83.3432,142.788,633.7304,19.833
500,53,90.8036,164.1605,693.7183,22.4022
500,54,95.7543,166.4477,653.4694,20.2718
500,55,87.7142,147.5765,635.9791,19.2445
500,56,84.6515,147.2974,625.2738,19.7031
500,57,83.1874,145.1337,659.0343,23.9771
500,58,102.2587,147.8936,620.1339,18.9378
500,59,93.0237,146.7991,638.918,19.2055
500,60,84.3889,160.7847,633.2454,19.3259
500,61,84.3771,157.0034,634.3787,19.1836
500,62,85.0242,144.2735,622.6182,18.7229
500,63,82.3854,143.4303,623.7028,19.7542
500,64,84.4551,147.7223,633.8314,18.9973
500,65,84.1826,143.8519,644.4016,19.0108
500,66,91.1413,143.759,645.2671,20.2867
500,67,96.5339,159.0567,692.2553,20.5151
500,68,100.5501,168.4001,758.508,25.6018
500,69,106.9432,161.8589,665.7121,19.6171
500,70,97.4141,149.1201,648.8061,19.7766
500,71,88.324,165.5516,656.4415,23.0167
500,72,96.9429,186.9291,741.484,25.044
500,73,107.8941,190.9092,727.4969,23.7481
500,74,105.9937,195.7983,769.3301,23.777
500,75,106.8205,184.6629,743.2043,23.6503
500,76,86.6335,164.5335,712.1759,23.4202
500,77,102.617,165.4946,655.0142,19.8016
500,78,109.3575,228.9819,683.4014,19.5709
500,79,91.6804,146.8351,655.4902,22.1362
500,80,87.4147,146.0513,656.3477,20.844
500,81,89.064,166.0542,666.3498,19.8608
500,82,90.8118,173.4976,635.7567,21.753
500,83,88.3326,155.4899,650.4262,19.7398
500,84,88.1546,151.0942,650.4157,20.2152
500,85,88.7459,159.1186,647.8228,19.8971
500,86,88.3076,151.7502,655.1825,20.5034
500,87,89.6252,152.5825,663.4641,19.4532
500,88,84.5109,148.105,694.163,24.6749
500,89,95.4643,209.122,720.5488,25.658
500,90,91.3142,209.721,728.9082,19.9697
500,91,78.5932,162.0288,640.5818,19.0257
500,92,74.9817,153.1093,628.1609,21.9478
500,93,85.3038,147.4879,637.0314,19.0135
500,94,83.609,153.2497,627.4607,19.0125
500,95,83.4658,159.6829,672.497,20.5125
500,96,92.4934,160.0497,653.618,19.9429
500,97,81.1596,161.1026,712.0183,26.3599
500,98,112.5543,176.9483,684.3619,22.3975
500,99,94.7175,174.044,772.8301,28.8627
500,100,166.8063,225.5249,753.6766,24.7112
600,1,146.8866,273.6926,1291.0342,39.3124
600,2,135.3855,317.4055,1356.205,40.3425
600,3,215.2172,333.2131,1437.9934,67.928
600,4,154.6169,248.77,1151.3633,29.2597
600,5,138.7888,250.3448,1014.7015,27.8677
600,6,116.5527,195.5148,794.3823,22.4349
600,7,120.7834,169.654,824.8083,24.0922
600,8,94.9328,172.7492,754.5117,23.513
600,9,98.1173,178.5044,766.1062,24.6243
600,10,99.5309,189.2514,767.0466,23.4729
600,11,96.2842,175.7133,754.8465,24.2926
600,12,95.9925,174.7606,753.8014,22.8119
600,13,94.6529,176.227,754.9372,22.5796
600,14,94.2062,174.8768,750.5277,22.6834
600,15,93.9795,175.6665,752.8735,22.7742
600,16,94.2696,175.3284,746.4028,22.2321
600,17,92.8562,172.0071,748.747,22.4127
600,18,94.5683,174.7595,752.7903,22.459
600,19,94.7918,177.0391,761.2992,22.7027
600,20,94.9408,174.293,751.7482,22.4946
600,21,95.4612,175.0787,753.2102,22.742
600,22,95.2182,174.5691,777.3574,24.427
600,23,99.1416,185.862,825.9313,26.6718
600,24,127.18,224.461,796.1654,31.9724
600,25,111.4609,179.8497,823.4298,29.341
600,26,115.5662,205.0445,930.6156,31.2386
600,27,133.588,212.9299,811.9568,22.5032
600,28,94.4318,176.7583,753.3528,22.59
600,29,93.6251,175.0642,752.6305,22.9366
600,30,93.0671,175.4327,752.7074,22.7305
600,31,96.2178,186.8813,777.936,22.5015
600,32,95.1889,175.6628,752.4563,22.5527
600,33,100.5101,190.3187,752.976,22.7757
600,34,100.2875,185.1237,752.7684,22.4744
600,35,111.3096,170.32,751.1806,22.4884
600,36,107.7609,168.5841,751.7735,22.4199
600,37,102.6071,170.5813,754.6184,29.3292
600,38,84.0461,169.7666,734.6104,22.0725
600,39,93.4274,171.9054,736.3101,22.8073
600,40,92.7973,173.6041,748.0232,22.4574
600,41,92.9787,172.9963,749.2752,22.5892
600,42,92.949,173.8292,791.3767,22.9033
600,43,94.2821,185.5399,750.3794,22.4789
600,44,96.4845,173.8319,750.4141,22.3654
600,45,94.9945,174.5632,749.6443,22.403
600,46,93.8822,174.5721,749.5851,22.4163
600,47,93.8027,176.1796,749.1395,22.4377
600,48,93.8712,174.3424,749.6869,22.475
600,49,93.8414,173.9472,750.0446,22.4758
600,50,93.9024,174.3862,750.266,22.4639
600,51,93.8382,174.3092,749.8247,22.55
600,52,94.0565,173.9317,749.7073,22.4202
600,53,95.3656,173.4423,749.8597,22.4682
600,54,95.2266,173.7214,750.3496,22.4046
600,55,94.2884,175.1294,749.5186,22.4668
600,56,94.6839,175.9977,750.7381,22.5072
600,57,93.9404,174.3174,751.9087,22.6017
600,58,94.1764,173.1741,751.5805,22.4987
600,59,94.333,172.6237,732.7783,22.4231
600,60,93.5018,172.4606,732.5434,22.8318
600,61,92.9117,174.2574,731.4233,22.0054
600,62,93.8517,179.2903,730.775,22.0316
600,63,98.5897,186.2488,730.793,22.006
600,64,98.451,185.4678,746.1009,22.4308
600,65,99.5864,183.3938,747.9754,22.6094
600,66,108.9041,168.7628,749.5027,22.4488
600,67,105.8152,167.1529,749.5396,22.5455
600,68,102.8209,168.3801,749.4812,27.5864
600,69,91.7175,169.5051,741.6738,21.9047
600,70,94.1415,172.0135,732.4073,21.9034
600,71,92.3038,174.2656,731.7859,21.8981
600,72,93.0014,174.9682,731.2212,21.9465
600,73,92.2598,173.6791,733.1006,21.9475
600,74,92.388,172.3517,732.4926,22.6966
600,75,92.4132,171.7379,747.1389,22.5842
600,76,93.9804,174.4145,749.8478,22.4422
600,77,95.1354,172.924,749.4768,22.5289
600,78,95.2111,173.2286,749.1732,22.4221
600,79,93.7655,175.8213,749.3276,22.3935
600,80,93.826,175.1918,749.78,22.4119
600,81,93.8671,174.947,750.5214,22.4654
600,82,93.9171,175.0256,752.4791,22.4685
600,83,94.1401,173.7518,751.4261,23.1677
600,84,94.4249,175.1837,750.6064,22.5652
600,85,94.6412,173.697,750.4872,22.9326
600,86,94.288,174.9019,750.4536,22.5131
600,87,95.4556,174.0832,750.7425,22.5164
600,88,94.0393,175.7276,732.3708,22.1659
600,89,92.588,174.4801,732.7024,22.1087
600,90,92.6786,172.4281,732.4462,22.2017
600,91,92.7459,171.5901,734.1916,22.0063
600,92,92.5661,173.176,733.3878,22.1048
600,93,94.2352,172.719,746.7807,22.5717
600,94,95.9486,175.0763,750.8931,22.5337
600,95,95.637,173.6869,750.1136,22.4932
600,96,94.4875,177.0773,732.1683,22.2406
600,97,98.0548,188.2182,737.084,26.2977
600,98,101.7287,193.2024,749.5097,22.5595
600,99,100.2883,181.7831,731.2183,22.0813
600,100,107.6504,167.0943,731.1056,21.9931
700,1,115.9744,200.329,875.543,26.5722
700,2,117.2222,198.3645,854.2042,25.3974
700,3,113.987,200.3813,852.9058,25.5714
700,4,120.9965,198.6116,854.2307,25.2518
700,5,113.4963,198.9377,853.2172,25.1999
700,6,113.7628,197.6719,858.6742,25.9897
700,7,117.5044,198.6859,875.6432,25.9267
700,8,116.1963,198.4553,1121.2961,39.2272
700,9,176.9862,282.3836,1156.2692,47.3277
700,10,164.3996,285.0103,1044.2926,25.8638
700,11,121.259,250.513,951.1152,26.6541
700,12,113.6341,201.5844,985.8287,29.6238
700,13,132.2763,237.0208,1002.8874,29.1407
700,14,135.5594,235.5257,998.1168,34.6921
700,15,141.1021,214.4202,890.4571,25.947
700,16,114.1227,212.1758,884.2354,25.872
700,17,115.8484,210.6931,886.5998,26.011
700,18,113.0087,200.3499,884.6837,25.9279
700,19,117.8479,223.4425,885.2518,26.2738
700,20,123.2574,200.7341,1026.2469,66.6528
700,21,306.5964,496.585,1505.0295,50.7003
700,22,201.1971,340.2709,1254.5783,50.8902
700,23,176.1922,314.0143,1242.4393,40.6863
700,24,169.1395,293.5236,1267.7671,48.9056
700,25,181.3934,324.882,1370.8938,62.3307
700,26,250.2772,450.7372,1815.0174,65.445
700,27,233.9571,428.5286,1598.9818,58.8651
700,28,208.191,367.3157,1696.8571,63.0925
700,29,223.7479,381.775,1569.4786,44.2033
700,30,176.3643,351.9308,1280.7545,36.8864
700,31,151.9043,291.8617,1215.7513,40.1481
700,32,158.4297,311.5496,1175.6976,36.2531
700,33,142.7676,274.0593,1218.5825,35.9702
700,34,145.6028,287.2143,1202.8331,36.2818
700,35,145.9912,287.2028,1184.1901,34.6125
700,36,138.833,259.948,1106.031,32.3378
700,37,133.0169,267.1603,1096.112,33.7993
700,38,135.4434,269.4118,1180.9484,37.3779
700,39,146.6169,289.0784,1212.7198,35.4264
700,40,142.5794,293.0157,1183.6874,32.3365
700,41,128.5981,259.5863,1088.3958,34.3388
700,42,148.1508,265.6653,1103.339,31.7488
700,43,133.6566,262.7233,1196.3666,40.0555
700,44,157.7547,337.9685,1328.1427,43.6569
700,45,171.6009,340.9583,1292.2402,48.716
700,46,167.7823,318.4813,1358.6782,49.9449
700,47,163.3911,306.0013,1318.3259,44.7589
700,48,162.7034,330.4956,1402.1388,49.7074
700,49,182.6748,304.17,1299.0661,39.4186
700,50,168.4943,323.5348,1284.841,42.6161
700,51,164.9275,308.8473,1277.8998,44.193
700,52,162.1618,319.6762,1287.8948,44.4019
700,53,163.7664,292.0204,1367.0205,54.3752
700,54,179.6952,332.7311,1377.5916,50.3813
700,55,192.9384,332.1327,1377.4015,52.1703
700,56,187.8984,341.9774,1337.8781,48.159
700,57,180.3337,357.6868,1375.4088,49.393
700,58,180.5533,361.8243,1368.6433,56.1451
700,59,190.344,351.4045,1309.4359,43.8407
700,60,174.4272,340.9539,1320.6716,40.4299
700,61,173.6477,305.2314,1292.8805,46.0043
700,62,177.5331,314.341,1279.5153,58.8364
700,63,153.6718,314.7278,1263.2881,46.7988
700,64,165.3416,313.9269,1314.1499,43.7729
700,65,147.9279,301.0503,1337.7921,55.8601
700,66,166.084,317.8079,1345.4697,53.2698
700,67,152.277,314.6696,1323.6598,52.3231
700,68,152.1494,320.5974,1323.607,55.5417
700,69,158.4712,314.2895,1244.042,44.3162
700,70,131.5729,281.8279,1182.9038,40.4138
700,71,140.4825,287.7033,1225.0803,48.4151
700,72,136.4705,280.2716,1190.3041,44.7053
700,73,133.1166,266.4645,1190.804,37.6315
700,74,137.2593,282.8638,1198.0777,37.6476
700,75,136.3417,269.1715,1230.4925,39.3157
700,76,133.9052,274.596,1201.5644,39.8677
700,77,132.9607,292.2336,1187.0219,39.6931
700,78,136.6642,293.1094,1183.9924,39.3425
700,79,133.6206,297.5194,1182.2557,45.7524
700,80,135.8937,308.4866,1183.0174,39.9241
700,81,133.287,301.4038,1181.6621,38.5632
700,82,137.6244,306.7268,1194.8603,39.3139
700,83,134.1113,341.2782,1257.4663,48.1518
700,84,150.9711,371.4773,1181.372,44.0539
700,85,135.3927,314.5458,1161.5454,52.2279
700,86,136.2239,337.9874,1172.9647,45.8555
700,87,138.1426,334.1751,1164.5419,41.226
700,88,138.309,320.312,1193.3339,41.0156
700,89,135.9494,330.3841,1189.8134,44.5673
700,90,138.9326,319.9373,1191.6112,39.9228
700,91,139.682,314.7807,1184.1064,37.6785
700,92,140.4489,344.1024,1210.6002,44.8325
700,93,143.3116,343.9127,1210.2064,38.3856
700,94,140.7499,348.6616,1203.2955,42.156
700,95,146.4946,341.3275,1213.7419,45.1678
700,96,145.6087,329.5133,1209.5959,43.4888
700,97,142.5214,320.1228,1206.467,40.4476
700,98,142.2778,326.268,1214.7204,45.5393
700,99,140.0035,302.6798,1194.442,48.3027
700,100,150.6903,344.487,1230.6991,50.194
800,1,172.0653,396.2117,1383.8305,45.7504
800,2,164.6841,382.592,1401.1803,51.1518
800,3,177.5378,401.6152,1427.4246,49.448
800,4,157.0403,342.0822,1235.3626,42.2309
800,5,148.3051,323.2725,1237.365,41.142
800,6,143.8653,318.8059,1232.5962,42.1406
800,7,149.7102,321.5623,1217.6806,43.9009
800,8,147.8604,328.1681,1221.6071,46.4785
800,9,146.2111,324.2304,1222.1716,41.759
800,10,147.5979,319.0839,1223.917,41.0789
800,11,149.6701,320.3755,1211.2697,39.8444
800,12,143.8939,310.6771,1201.7227,41.9044
800,13,150.5758,322.1439,1214.442,40.5303
800,14,145.7877,317.1192,1235.9559,41.9855
800,15,145.4103,320.8288,1233.4807,40.6571
800,16,144.7901,320.1843,1203.4982,40.1467
800,17,144.9706,324.5715,1221.9813,42.2116
800,18,145.4218,319.394,1221.2509,42.2849
800,19,153.8507,324.5936,1219.6862,41.4474
800,20,144.7418,314.5768,1230.4458,41.1138
800,21,145.5566,336.8568,1359.8839,42.3901
800,22,153.5758,323.8221,1255.6906,41.6622
800,23,149.8564,324.0348,1233.6917,45.6505
800,24,149.1384,325.4336,1217.6335,42.0325
800,25,149.5264,322.1414,1232.6743,41.3991
800,26,150.6032,324.7733,1229.1308,43.4197
800,27,145.3162,320.2518,1225.6521,39.738
800,28,146.2178,335.5502,1233.5506,42.254
800,29,151.3469,356.6453,1226.2549,43.1514
800,30,148.3105,325.5191,1229.0996,40.8858
800,31,144.3365,328.9025,1220.1538,46.714
800,32,145.2519,330.4842,1247.9395,42.1207
800,33,144.0341,331.038,1229.6602,42.2067
800,34,147.3378,331.9912,1222.4728,42.4565
800,35,151.1553,331.49,1215.0687,44.1643
800,36,143.607,330.4385,1228.328,41.9864
800,37,142.865,324.9526,1239.7734,42.2545
800,38,140.8042,330.084,1243.6472,39.8955
800,39,144.5775,357.0372,1263.269,42.8032
800,40,150.4945,334.4162,1220.017,43.2254
800,41,143.2095,332.4254,1234.1065,41.0005
800,42,142.2634,327.533,1251.4415,42.5591
800,43,142.6177,328.3538,1229.5992,46.6116
800,44,143.3801,331.8643,1216.0317,42.4396
800,45,146.0592,331.313,1227.0779,42.655
800,46,137.7776,323.9199,1236.6736,43.1518
800,47,147.063,330.8586,1220.8963,43.7723
800,48,145.9917,332.5916,1226.907,41.3202
800,49,142.2153,329.831,1241.4729,42.1314
800,50,141.8871,321.0026,1218.9991,39.7845
800,51,142.0553,324.7449,1220.9384,41.3608
800,52,141.9253,324.4101,1223.5281,38.8521
800,53,138.946,317.0116,1239.6324,41.0733
800,54,142.4146,341.7687,1256.1082,39.8807
800,55,140.513,339.9939,1231.8892,39.1709
800,56,140.8057,355.5246,1241.7879,39.1217
800,57,139.9886,329.7072,1229.1316,42.0804
800,58,140.0672,328.8714,1226.6339,44.3951
800,59,142.968,333.1889,1215.3175,48.6289
800,60,141.5861,324.3537,1198.7803,38.9417
800,61,135.0705,316.6992,1196.6206,36.9156
800,62,134.5276,323.6418,1205.7877,41.5441
800,63,142.9445,329.7032,1184.8205,42.9119
800,64,143.2754,324.8641,1206.5858,41.9061
800,65,137.8714,324.6408,1191.1193,41.8982
800,66,150.9394,319.1954,1179.2071,38.797
800,67,143.7265,328.119,1208.905,41.0239
800,68,150.1166,328.4385,1264.2074,43.1455
800,69,153.1803,334.08,1237.1651,40.6107
800,70,143.7481,335.0013,1228.7834,43.5943
800,71,139.4657,344.6405,1253.1098,41.1682
800,72,146.4558,326.6385,1236.5868,41.1174
800,73,151.3283,321.5927,1316.6192,42.2307
800,74,147.3332,346.541,1362.292,41.5653
800,75,140.2243,305.441,1195.6317,39.4262
800,76,134.8378,298.4904,1226.7201,42.314
800,77,139.0389,286.2905,1191.2799,44.1077
800,78,140.968,297.154,1231.6002,43.0882
800,79,150.275,325.0286,1250.7133,49.0287
800,80,144.1275,326.7943,1294.6486,43.0608
800,81,148.8854,351.5281,1312.7427,47.1381
800,82,148.9352,343.1052,1288.6409,40.9596
800,83,148.5926,339.3633,1257.4557,44.8573
800,84,144.7491,336.6177,1296.4693,51.3473
800,85,153.629,342.8371,1296.0803,47.1
800,86,146.5036,339.5299,1303.4219,46.5184
800,87,146.4992,333.7738,1283.389,46.6208
800,88,145.9597,328.7997,1289.6196,45.8412
800,89,145.4272,328.0717,1379.1491,59.4312
800,90,179.6106,434.6874,1434.2325,63.5526
800,91,193.9666,444.6031,1489.8222,52.144
800,92,164.6519,372.1459,1287.7171,56.9473
800,93,161.6528,400.1897,1374.2667,47.4247
800,94,148.2102,343.7217,1308.9824,45.2536
800,95,150.8694,361.4761,1307.0408,45.5542
800,96,151.368,368.9785,1321.2449,47.1586
800,97,147.6171,350.0759,1328.3465,45.205
800,98,149.7164,369.193,1319.73,49.1469
800,99,151.0934,367.8813,1272.0101,40.8767
800,100,147.0941,331.1483,1239.1749,44.5067
900,1,156.9241,439.956,1381.0664,48.5823
900,2,174.9574,405.9949,1468.5595,49.3349
900,3,168.0637,343.5814,1361.8961,48.5353
900,4,163.4001,361.2747,1480.7256,52.4188
900,5,165.8637,347.7852,1395.5296,51.1164
900,6,162.8998,342.8834,1387.432,49.3214
900,7,165.0311,413.7428,1780.4521,72.0743
900,8,212.8188,425.924,1667.0621,59.2928
900,9,199.4696,484.3673,1633.3133,50.4894
900,10,173.0814,469.5361,1665.1375,63.7263
900,11,199.4879,488.7931,1972.7685,85.0277
900,12,249.1245,610.04,2030.8593,64.2464
900,13,228.4846,573.0075,1878.8879,61.2112
900,14,221.2339,515.1581,1908.2314,64.2907
900,15,222.7391,521.0943,2122.3769,67.8916
900,16,240.4216,565.0001,1945.4902,74.9541
900,17,257.2848,595.9278,2148.2188,89.6435
900,18,258.1878,683.2934,2190.0138,65.1097
900,19,242.2231,616.0525,2190.6265,67.7774
900,20,210.1128,429.9237,1562.2001,63.826
900,21,196.7934,415.9526,1522.8181,54.8045
900,22,174.694,431.8788,1533.2523,55.5562
900,23,185.8611,456.898,1570.2158,53.9786
900,24,167.5554,351.8376,1438.9841,61.3276
900,25,177.0421,385.516,1515.1764,51.9981
900,26,172.5855,375.8596,1484.8793,50.6357
900,27,169.5533,365.9973,1474.1576,50.4317
900,28,170.1541,394.3578,1498.0766,50.1639
900,29,174.6529,426.4761,1555.0539,54.3108
900,30,170.5658,376.6265,1426.3492,52.4604
900,31,169.5524,381.532,1467.1352,51.4433
900,32,171.5352,369.0363,1464.0097,49.4254
900,33,168.8426,388.5334,1539.7126,51.436
900,34,170.2704,375.3141,1474.5842,59.1537
900,35,173.5158,410.7394,1465.3561,49.7402
900,36,167.7536,410.348,1497.3109,52.0479
900,37,164.5881,401.3349,1522.3886,48.7805
900,38,177.2005,389.9089,1468.0737,51.9832
900,39,169.3197,396.7526,1496.3779,49.8875
900,40,168.3674,392.0213,1538.3758,52.569
900,41,168.6297,373.8486,1479.751,52.3618
900,42,167.0878,412.3136,1497.8303,49.2311
900,43,172.0182,439.9586,1489.9737,48.6149
900,44,169.0449,400.3744,1507.5315,49.3516
900,45,168.5315,390.674,1512.7165,53.6001
900,46,166.6959,379.3444,1451.8863,46.7019
900,47,164.9767,386.8476,1654.954,67.3906
900,48,203.2165,489.9736,1861.1713,74.5552
900,49,242.5473,519.5971,1861.8106,74.418
900,50,233.9274,510.1559,1852.7667,77.8288
900,51,233.2506,458.0072,1555.3418,58.5586
900,52,180.2646,428.812,1486.7122,57.2211
900,53,172.0618,428.2231,1541.4282,53.2703
900,54,176.5982,441.7836,1630.9052,55.6802
900,55,179.8408,497.2431,1562.0043,56.5611
900,56,172.3374,427.7067,1560.2177,52.9444
900,57,179.9004,419.1257,1495.0996,53.1715
900,58,176.4383,403.7622,1645.46,57.39
900,59,187.3823,374.7098,1460.666,54.1303
900,60,170.6375,381.9744,1472.3315,44.6532
900,61,163.8144,306.3843,1265.1898,43.0709
900,62,146.3495,266.1708,1201.9482,47.1417
900,63,148.4502,278.4818,1180.194,39.6528
900,64,127.635,272.2552,1213.38,43.6968
900,65,135.1106,266.0327,1162.9336,44.5748
900,66,144.1821,266.5622,1167.8686,37.7031
900,67,138.1659,271.9399,1220.479,43.8354
900,68,151.2979,277.3455,1177.7199,41.4381
900,69,136.2363,287.1386,1290.9819,41.4234
900,70,146.7037,289.9776,1346.0562,42.0764
900,71,146.5356,287.8411,1307.0791,42.1255
900,72,151.731,297.9178,1376.4874,46.8216
900,73,160.0167,303.5642,1283.0591,40.8311
900,74,146.1286,296.3806,1264.0781,42.6826
900,75,146.2845,290.6643,1286.4362,42.3008
900,76,145.4966,295.6083,1262.9122,42.5516
900,77,144.6324,293.2021,1264.4276,55.0511
900,78,146.5123,287.2597,1262.9459,44.2851
900,79,149.3668,295.1172,1224.5122,41.5998
900,80,143.8631,286.1961,1241.0953,40.7998
900,81,144.8082,288.5986,1255.1713,40.1234
900,82,143.9592,285.9755,1245.9187,41.2855
900,83,141.0968,291.5206,1223.5444,36.5366
900,84,127.3577,256.2287,1127.2363,36.7218
900,85,125.0113,256.5171,1133.3329,36.4461
900,86,125.9968,259.4984,1124.7526,36.8822
900,87,125.0909,255.0182,1128.9882,39.1249
900,88,125.4345,254.9632,1124.9168,37.6644
900,89,126.4808,255.0052,1124.8366,36.3807
900,90,124.9039,260.3582,1124.8666,37.3557
900,91,125.0758,257.1171,1129.237,36.9107
900,92,125.1798,261.3907,1131.1441,37.7393
900,93,124.438,255.5244,1124.1574,37.6667
900,94,128.8346,255.9833,1123.5296,37.7915
900,95,125.5737,256.1486,1126.7144,38.1445
900,96,125.2483,256.3213,1126.1833,37.7572
900,97,126.1312,254.8041,1126.9903,38.9823
900,98,125.3281,255.7896,1124.4345,37.1744
900,99,126.202,255.0381,1127.5871,36.9674
900,100,125.3159,256.3882,1127.3702,37.776
1000,1,139.6892,291.231,1251.2912,40.4525
1000,2,138.9988,290.4022,1253.9513,40.1458
1000,3,141.1532,290.9089,1251.9782,40.6495
1000,4,139.7986,286.4656,1248.6167,40.025
1000,5,144.4631,286.6042,1249.4045,41.1153
1000,6,139.9793,292.1199,1249.8533,40.952
1000,7,138.8481,286.1557,1250.499,40.5679
1000,8,141.5469,290.2059,1249.838,41.3101
1000,9,140.2243,292.6025,1249.7715,41.4734
1000,10,140.7824,292.8443,1248.761,43.3661
1000,11,139.9368,290.2372,1247.5696,41.4
1000,12,140.9049,291.5266,1222.9656,41.4595
1000,13,138.0593,287.9393,1229.7409,40.5681
1000,14,138.4793,285.0212,1227.7213,41.5306
1000,15,138.2643,288.5287,1222.1492,42.3386
1000,16,137.0479,289.9677,1222.102,42.1446
1000,17,137.1343,287.9302,1222.7428,40.2559
1000,18,138.2224,284.3753,1227.5954,41.5563
1000,19,137.0163,287.1083,1233.2941,41.1161
1000,20,136.605,288.8824,1251.1155,40.6713
1000,21,139.3534,290.6914,1247.985,40.4891
1000,22,138.9742,289.3468,1225.1699,41.5684
1000,23,137.0601,288.1455,1222.6746,40.3299
1000,24,136.8951,286.8725,1222.1251,41.6703
1000,25,136.8962,287.0785,1221.3428,40.7987
1000,26,138.1697,287.6746,1222.4138,41.6366
1000,27,138.2163,284.6652,1219.7632,41.6274
1000,28,138.2819,288.3933,1220.3065,41.5729
1000,29,137.9551,286.4929,1221.9451,43.1088
1000,30,141.095,290.7953,1248.6188,41.0299
1000,31,139.3912,291.6573,1248.4309,41.3461
1000,32,138.8783,292.1583,1247.8866,40.9854
1000,33,138.9254,298.5174,1219.8552,41.571
1000,34,136.8608,290.2327,1380.9227,41.6082
1000,35,143.6073,295.8508,1250.3456,42.7346
1000,36,139.8478,296.1139,1261.0083,42.1504
1000,37,139.2114,289.862,1250.8626,41.5323
1000,38,138.9074,291.6833,1249.686,43.5424
1000,39,140.3046,292.1417,1247.6472,41.3224
1000,40,138.8123,293.4651,1248.8261,41.516
1000,41,139.1617,292.0704,1249.587,40.0792
1000,42,139.1607,289.1225,1248.4343,40.3777
1000,43,139.8736,286.9539,1248.2747,41.4522
1000,44,140.1725,288.0211,1247.7647,40.6732
1000,45,140.2345,291.2529,1249.5339,40.4693
1000,46,139.1929,288.7446,1248.5121,40.4266
1000,47,139.561,292.1015,1221.5914,41.5194
1000,48,136.8735,290.2818,1218.7285,41.4897
1000,49,137.3989,288.4433,1223.1476,40.5411
1000,50,137.2483,290.6356,1218.769,41.6115
1000,51,136.5369,289.2733,1218.3699,41.6239
1000,52,137.1635,289.7022,1219.4908,40.135
1000,53,138.386,288.395,1221.4865,41.468
1000,54,137.3051,324.2387,1293.1589,41.5517
1000,55,140.6687,290.5115,1247.6978,40.6086
1000,56,141.5291,289.5883,1248.6904,42.1279
1000,57,140.2221,291.3118,1249.0724,41.5707
1000,58,139.1574,291.2742,1251.3747,40.2668
1000,59,140.0045,291.0518,1242.1919,41.5907
1000,60,137.3587,291.1203,1244.611,41.5774
1000,61,137.5375,289.4147,1256.3968,41.2181
1000,62,140.1199,309.0108,1249.1821,41.252
1000,63,140.867,287.0385,1248.4131,41.6383
1000,64,139.277,289.7153,1242.1383,41.4027
1000,65,139.1219,292.7373,1249.0455,40.0857
1000,66,140.0982,288.4098,1248.057,41.5673
1000,67,139.0315,293.0425,1247.4292,41.4661
1000,68,138.8753,290.6393,1247.8539,41.4498
1000,69,139.2351,291.9349,1250.5581,40.1149
1000,70,140.6319,291.99,1249.7012,40.9251
1000,71,140.1801,291.0881,1233.0271,41.7263
1000,72,137.9064,286.9421,1219.6708,42.7234
1000,73,137.2807,290.3153,1227.6784,41.4486
1000,74,136.7417,290.0989,1241.0526,41.6324
1000,75,137.3797,288.2273,1240.0582,41.4337
1000,76,137.0269,288.6576,1237.0435,41.4156
1000,77,136.5388,292.0281,1236.8914,41.6458
1000,78,136.7615,289.1336,1238.155,41.7116
1000,79,136.5872,289.8761,1241.0738,41.4427
1000,80,136.6969,289.161,1239.6083,41.0416
1000,81,137.6176,288.4916,1239.7411,40.8698
1000,82,138.0065,291.9079,1223.9838,41.6797
1000,83,137.9883,286.5205,1218.7407,42.2878
1000,84,137.9694,285.1901,1218.4067,43.1967
1000,85,137.3172,286.7006,1218.6303,42.4341
1000,86,136.9155,286.6212,1219.1524,41.2146
1000,87,137.0163,288.9037,1220.0257,40.3339
1000,88,138.006,289.7305,1219.8306,41.1193
1000,89,136.5437,290.7921,1218.9612,40.6161
1000,90,137.1451,294.7077,1219.3254,40.9675
1000,91,136.7983,290.8686,1246.0248,40.6602
1000,92,140.0474,289.7178,1247.7996,41.2833
1000,93,139.3144,295.3224,1248.4969,40.7767
1000,94,140.1662,294.3081,1247.087,41.4038
1000,95,140.0468,292.8953,1247.1797,42.7134
1000,96,140.2238,288.6992,1248.5912,41.404
1000,97,139.3098,296.0901,1250.7895,41.3129
1000,98,139.5734,298.8499,1249.34,41.3755
1000,99,139.3757,291.4086,1249.0156,41.8199
1000,100,141.3539,296.7063,1249.0084,40.3822
